{
	"credit": "Made with Blockbench",
	"ambientocclusion": false,
	"texture_size": [64, 64],
	"textures": {
		"1": "block/grass_model",
		"particle": "block/grass_model"
	},
	"elements": [
		{
			"from": [1.99263, 0, -0.38152],
			"to": [13.89263, 16, -0.38152],
			"shade": false,
			"rotation": {"angle": -22.5, "axis": "x", "origin": [7.94244, 8, -0.38533], "rescale": true},
			"faces": {
				"north": {"uv": [13.025, 0, 16, 4], "texture": "#1", "tintindex": 0},
				"east": {"uv": [13.025, 0, 16, 4], "texture": "#1", "tintindex": 0},
				"south": {"uv": [16, 0, 13.025, 4], "texture": "#1", "tintindex": 0},
				"west": {"uv": [13.025, 0, 16, 4], "texture": "#1", "tintindex": 0},
				"up": {"uv": [13.025, 0, 16, 4], "texture": "#1", "tintindex": 0},
				"down": {"uv": [13.025, 0, 16, 4], "texture": "#1", "tintindex": 0}
			}
		},
		{
			"from": [1.99263, 0, 16.38152],
			"to": [13.89263, 16, 16.38152],
			"shade": false,
			"rotation": {"angle": 22.5, "axis": "x", "origin": [7.94244, 8, 16.38533], "rescale": true},
			"faces": {
				"north": {"uv": [13.025, 0, 16, 4], "texture": "#1", "tintindex": 0},
				"east": {"uv": [16, 0, 13.025, 4], "texture": "#1", "tintindex": 0},
				"south": {"uv": [16, 0, 13.025, 4], "texture": "#1", "tintindex": 0},
				"west": {"uv": [16, 0, 13.025, 4], "texture": "#1", "tintindex": 0},
				"up": {"uv": [16, 0, 13.025, 4], "texture": "#1", "tintindex": 0},
				"down": {"uv": [16, 0, 13.025, 4], "texture": "#1", "tintindex": 0}
			}
		},
		{
			"from": [16.19294, 0.00158, 1.93152],
			"to": [16.19294, 16.00158, 13.83152],
			"shade": false,
			"rotation": {"angle": -22.5, "axis": "z", "origin": [16.19307, 8.00158, 7.88152], "rescale": true},
			"faces": {
				"north": {"uv": [16, 0, 13.025, 4], "texture": "#1", "tintindex": 0},
				"east": {"uv": [16, 0, 13.025, 4], "texture": "#1", "tintindex": 0},
				"south": {"uv": [16, 0, 13.025, 4], "texture": "#1", "tintindex": 0},
				"west": {"uv": [13.025, 0, 16, 4], "texture": "#1", "tintindex": 0},
				"up": {"uv": [16, 0, 13.025, 4], "texture": "#1", "tintindex": 0},
				"down": {"uv": [16, 0, 13.025, 4], "texture": "#1", "tintindex": 0}
			}
		},
		{
			"from": [-0.19295, 0.00163, 1.93152],
			"to": [-0.19295, 16.00163, 13.83152],
			"shade": false,
			"rotation": {"angle": 22.5, "axis": "z", "origin": [-0.19294, 8.00163, 7.88152], "rescale": true},
			"faces": {
				"north": {"uv": [13.025, 0, 16, 4], "texture": "#1", "tintindex": 0},
				"east": {"uv": [16, 0, 13.025, 4], "texture": "#1", "tintindex": 0},
				"south": {"uv": [13.025, 0, 16, 4], "texture": "#1", "tintindex": 0},
				"west": {"uv": [13.025, 0, 16, 4], "texture": "#1", "tintindex": 0},
				"up": {"uv": [13.025, 0, 16, 4], "texture": "#1", "tintindex": 0},
				"down": {"uv": [13.025, 0, 16, 4], "texture": "#1", "tintindex": 0}
			}
		},
		{
			"from": [2.86497, 0, 5.55594],
			"to": [9.01497, 16, 5.55594],
			"shade": false,
			"rotation": {"angle": 45, "axis": "y", "origin": [5.54741, 8, 6.52115], "rescale": true},
			"faces": {
				"north": {"uv": [13.4625, 4, 15.25, 8], "texture": "#1", "tintindex": 0},
				"east": {"uv": [13.4625, 4, 15.25, 8], "texture": "#1", "tintindex": 0},
				"south": {"uv": [15.25, 4, 13.4625, 8], "texture": "#1", "tintindex": 0},
				"west": {"uv": [13.4625, 4, 15.25, 8], "texture": "#1", "tintindex": 0},
				"up": {"uv": [13.4625, 4, 15.25, 8], "texture": "#1", "tintindex": 0},
				"down": {"uv": [13.4625, 4, 15.25, 8], "texture": "#1", "tintindex": 0}
			}
		},
		{
			"from": [2.86497, 0, 11.30594],
			"to": [9.01497, 16, 11.30594],
			"shade": false,
			"rotation": {"angle": 45, "axis": "y", "origin": [5.54741, 8, 6.52115], "rescale": true},
			"faces": {
				"north": {"uv": [13.4625, 4, 15.25, 8], "texture": "#1", "tintindex": 0},
				"east": {"uv": [13.4625, 4, 15.25, 8], "texture": "#1", "tintindex": 0},
				"south": {"uv": [15.25, 4, 13.4625, 8], "texture": "#1", "tintindex": 0},
				"west": {"uv": [13.4625, 4, 15.25, 8], "texture": "#1", "tintindex": 0},
				"up": {"uv": [13.4625, 4, 15.25, 8], "texture": "#1", "tintindex": 0},
				"down": {"uv": [13.4625, 4, 15.25, 8], "texture": "#1", "tintindex": 0}
			}
		},
		{
			"from": [3.03893, 0, 11.02398],
			"to": [8.93893, 16, 11.02398],
			"shade": false,
			"rotation": {"angle": -45, "axis": "y", "origin": [5.84975, 8, 10.03839], "rescale": true},
			"faces": {
				"north": {"uv": [15.225, 4, 13.5, 8], "texture": "#1", "tintindex": 0},
				"east": {"uv": [13.5, 4, 15.225, 8], "texture": "#1", "tintindex": 0},
				"south": {"uv": [13.5, 4, 15.225, 8], "texture": "#1", "tintindex": 0},
				"west": {"uv": [13.5, 4, 15.225, 8], "texture": "#1", "tintindex": 0},
				"up": {"uv": [13.5, 4, 15.225, 8], "texture": "#1", "tintindex": 0},
				"down": {"uv": [13.5, 4, 15.225, 8], "texture": "#1", "tintindex": 0}
			}
		},
		{
			"from": [3.03893, 0, 5.52398],
			"to": [8.93893, 16, 5.52398],
			"shade": false,
			"rotation": {"angle": -45, "axis": "y", "origin": [5.84975, 8, 10.03839], "rescale": true},
			"faces": {
				"north": {"uv": [15.225, 4, 13.5, 8], "texture": "#1", "tintindex": 0},
				"east": {"uv": [13.5, 4, 15.225, 8], "texture": "#1", "tintindex": 0},
				"south": {"uv": [13.5, 4, 15.225, 8], "texture": "#1", "tintindex": 0},
				"west": {"uv": [13.5, 4, 15.225, 8], "texture": "#1", "tintindex": 0},
				"up": {"uv": [13.5, 4, 15.225, 8], "texture": "#1", "tintindex": 0},
				"down": {"uv": [13.5, 4, 15.225, 8], "texture": "#1", "tintindex": 0}
			}
		}
	]
}